{"cameraMode":{"drawMode":0,"name":"Shaded","section":"Shading Mode"},"sceneLighting":false,"audioPlay":false,"sceneViewState":{"m_AlwaysRefresh":false,"showFog":true,"showSkybox":false,"showFlares":true,"showImageEffects":true,"showParticleSystems":true,"showVisualEffectGraphs":true,"m_FxEnabled":true},"in2DMode":false,"pivot":{"x":-8.40999984741211,"y":54.0099983215332,"z":-1.0800000429153443},"rotation":{"x":0.08719880133867264,"y":-0.0038582056295126678,"z":0.00033858788083307445,"w":0.9961769580841065},"size":1.2247449159622193,"orthographic":false}