{"cameraMode":{"drawMode":0,"name":"Shaded","section":"Shading Mode"},"sceneLighting":true,"audioPlay":false,"sceneViewState":{"m_AlwaysRefresh":false,"showFog":true,"showSkybox":true,"showFlares":true,"showImageEffects":true,"showParticleSystems":true,"showVisualEffectGraphs":true,"m_FxEnabled":true},"in2DMode":false,"pivot":{"x":-11.139607429504395,"y":35.96681213378906,"z":156.99813842773438},"rotation":{"x":-0.06621595472097397,"y":0.03761407732963562,"z":-0.00248477584682405,"w":-0.9971016645431519},"size":89.75801849365235,"orthographic":false}